<?xml version="1.0" encoding="UTF-8"?>
<model package="samplemodule" baseClass="abstractObject" platform="mysql" defaultEngine="InnoDB" tablePrefix="samplemodule_" phpdoc-package="samplemodule" phpdoc-subpackage="" version="1.1">
    <object class="sampleCollection" table="collections" extends="abstractSimpleObject">
        <field key="name" dbtype="varchar" precision="255" phptype="string" null="true"/>
        <field key="description" dbtype="text" phptype="string" null="true"/>
        <field key="richtext" dbtype="text" phptype="string" null="true"/>
        <field key="code" dbtype="text" phptype="string" null="true"/>
        <field key="option_one_id" dbtype="int" precision="10" attributes="unsigned" phptype="integer" null="false"/>
        <field key="option_two_id" dbtype="int" precision="10" attributes="unsigned" phptype="integer" null="true" default="0"/>
        <field key="tags" dbtype="text" phptype="json" null="true"/>
        <field key="sort_order" dbtype="int" precision="10" attributes="unsigned" phptype="integer" default="0"/>
        <field key="is_active" dbtype="tinyint" precision="1" attributes="unsigned" phptype="boolean" null="false" default="0"/>
        <field key="created_on" dbtype="datetime" phptype="datetime" null="true"/>
        <field key="created_by" dbtype="int" precision="10" attributes="unsigned" phptype="integer" null="false" default="0"/>
        <field key="updated_on" dbtype="datetime" phptype="datetime" null="true"/>
        <field key="updated_by" dbtype="int" precision="10" attributes="unsigned" phptype="integer" null="false" default="0"/>
        <field key="properties" dbtype="text" phptype="json" null="true"/>
        <!--Indexes-->
        <index alias="option_one_id" name="option_one_id" primary="false" unique="false" type="BTREE">
            <column key="option_one_id" length="" collation="A" null="false"/>
        </index>
        <index alias="option_two_id" name="option_two_id" primary="false" unique="false" type="BTREE">
            <column key="option_two_id" length="" collation="A" null="false"/>
        </index>
        <index alias="sort_order" name="sort_order" primary="false" unique="false" type="BTREE">
            <column key="sort_order" length="" collation="A" null="false"/>
        </index>
        <index alias="is_active" name="is_active" primary="false" unique="false" type="BTREE">
            <column key="is_active" length="" collation="A" null="false"/>
        </index>
        <!--Validation-->
        <validation>
            <rule field="name" name="preventBlank" type="xPDOValidationRule" rule="xPDOMinLengthValidationRule" value="1" message="field_required"/>
            <rule field="option_one_id" name="checkOptionOne" type="xPDOValidationRule" rule="xPDOForeignKeyConstraint" foreign="id" local="option_one_id" alias="optionOne" class="sampleOptionOne" message="no_records_found"/>
        </validation>
        <!--Links-->
        <composite alias="Items" class="sampleItem" local="id" foreign="collection_id" cardinality="many" owner="local"/>
        <composite alias="CategoryIds" class="sampleCollectionCategory" local="id" foreign="collection_id" cardinality="many" owner="local"/>
        <aggregate alias="optionOne" class="sampleOptionOne" local="option_one_id" foreign="id" cardinality="one" owner="local">
            <criteria target="foreign"><![CDATA[{"is_active": 1}]]></criteria>
        </aggregate>
        <aggregate alias="optionTwo" class="sampleOptionTwo" local="option_two_id" foreign="id" cardinality="one" owner="local">
            <criteria target="foreign"><![CDATA[{"is_active": 1}]]></criteria>
        </aggregate>
    </object>

    <object class="sampleItem" table="items" extends="abstractSimpleObject">
        <field key="collection_id" dbtype="int" precision="10" attributes="unsigned" phptype="integer" null="false"/>
        <field key="name" dbtype="varchar" precision="255" phptype="string" null="true"/>
        <field key="description" dbtype="text" phptype="string" null="true"/>
        <field key="image" dbtype="varchar" precision="255" phptype="string" null="true"/>
        <field key="sort_order" dbtype="int" precision="10" attributes="unsigned" phptype="integer" default="0"/>
        <field key="is_active" dbtype="tinyint" precision="1" attributes="unsigned" phptype="boolean" null="false" default="0"/>
        <field key="created_on" dbtype="datetime" phptype="datetime" null="true"/>
        <field key="created_by" dbtype="int" precision="10" attributes="unsigned" phptype="integer" null="false" default="0"/>
        <field key="updated_on" dbtype="datetime" phptype="datetime" null="true"/>
        <field key="updated_by" dbtype="int" precision="10" attributes="unsigned" phptype="integer" null="false" default="0"/>
        <field key="properties" dbtype="text" phptype="json" null="true"/>
        <!--Indexes-->
        <index alias="collection_id" name="collection_id" primary="false" unique="false" type="BTREE">
            <column key="collection_id" length="" collation="A" null="false"/>
        </index>
        <index alias="sort_order" name="sort_order" primary="false" unique="false" type="BTREE">
            <column key="sort_order" length="" collation="A" null="false"/>
        </index>
        <index alias="is_active" name="is_active" primary="false" unique="false" type="BTREE">
            <column key="is_active" length="" collation="A" null="false"/>
        </index>
        <!--Validation-->
        <validation>
            <rule field="name" name="preventBlank" type="xPDOValidationRule" rule="xPDOMinLengthValidationRule" value="1" message="field_required"/>
            <rule field="collection_id" name="checkCollection" type="xPDOValidationRule" rule="xPDOForeignKeyConstraint" foreign="id" local="collection_id" alias="Collection" class="sampleCollection" message="no_records_found"/>
        </validation>
        <!--Links-->
        <aggregate alias="Collection" class="sampleCollection" local="collection_id" foreign="id" cardinality="one" owner="foreign"/>
    </object>

    <object class="sampleCategory" table="categories" extends="abstractSimpleObject">
        <field key="name" dbtype="varchar" precision="255" phptype="string" null="true"/>
        <field key="sort_order" dbtype="int" precision="10" attributes="unsigned" phptype="integer" default="0"/>
        <field key="is_active" dbtype="tinyint" precision="1" attributes="unsigned" phptype="boolean" null="false" default="0"/>
        <!--Indexes-->
        <index alias="sort_order" name="sort_order" primary="false" unique="false" type="BTREE">
            <column key="sort_order" length="" collation="A" null="false"/>
        </index>
        <index alias="is_active" name="is_active" primary="false" unique="false" type="BTREE">
            <column key="is_active" length="" collation="A" null="false"/>
        </index>
        <!--Validation-->
        <validation>
            <rule field="name" name="preventBlank" type="xPDOValidationRule" rule="xPDOMinLengthValidationRule" value="1" message="field_required"/>
        </validation>
        <!--Links-->
        <composite alias="CollectionIds" class="sampleCollectionCategory" local="id" foreign="category_id" cardinality="many" owner="local"/>
    </object>

    <object class="sampleCollectionCategory" table="collection_categories" extends="abstractObject">
        <field key="collection_id" dbtype="int" precision="10" attributes="unsigned" phptype="integer" null="false" index="pk"/>
        <field key="category_id" dbtype="int" precision="10" attributes="unsigned" phptype="integer" null="false" index="pk"/>
        <!--Links-->
        <aggregate alias="Collection" class="sampleCollection" local="collection_id" foreign="id" cardinality="one" owner="foreign">
            <criteria target="foreign"><![CDATA[{"is_active": 1}]]></criteria>
        </aggregate>
        <aggregate alias="Category" class="sampleCategory" local="category_id" foreign="id" cardinality="one" owner="foreign">
            <criteria target="foreign"><![CDATA[{"is_active": 1}]]></criteria>
        </aggregate>
        <!--Indexes-->
        <index alias="PRIMARY" name="PRIMARY" primary="true" unique="true" type="BTREE">
            <column key="collection_id" length="" collation="A" null="false"/>
            <column key="category_id" length="" collation="A" null="false"/>
        </index>
    </object>

    <object class="sampleOptionOne" table="option_one" extends="abstractSimpleObject">
        <field key="name" dbtype="varchar" precision="255" phptype="string" null="true"/>
        <field key="sort_order" dbtype="int" precision="10" attributes="unsigned" phptype="integer" default="0"/>
        <field key="is_active" dbtype="tinyint" precision="1" attributes="unsigned" phptype="boolean" null="false" default="0"/>
        <!--Indexes-->
        <index alias="sort_order" name="sort_order" primary="false" unique="false" type="BTREE">
            <column key="sort_order" length="" collation="A" null="false"/>
        </index>
        <index alias="is_active" name="is_active" primary="false" unique="false" type="BTREE">
            <column key="is_active" length="" collation="A" null="false"/>
        </index>
        <!--Validation-->
        <validation>
            <rule field="name" name="preventBlank" type="xPDOValidationRule" rule="xPDOMinLengthValidationRule" value="1" message="field_required"/>
        </validation>
        <!--Links-->
        <composite alias="Collection" class="sampleCollection" local="id" foreign="option_one_id" cardinality="many" owner="local"/>
    </object>

    <object class="sampleOptionTwo" table="option_two" extends="abstractSimpleObject">
        <field key="name" dbtype="varchar" precision="255" phptype="string" null="true"/>
        <field key="sort_order" dbtype="int" precision="10" attributes="unsigned" phptype="integer" default="0"/>
        <field key="is_active" dbtype="tinyint" precision="1" attributes="unsigned" phptype="boolean" null="false" default="0"/>
        <!--Indexes-->
        <index alias="sort_order" name="sort_order" primary="false" unique="false" type="BTREE">
            <column key="sort_order" length="" collation="A" null="false"/>
        </index>
        <index alias="is_active" name="is_active" primary="false" unique="false" type="BTREE">
            <column key="is_active" length="" collation="A" null="false"/>
        </index>
        <!--Validation-->
        <validation>
            <rule field="name" name="preventBlank" type="xPDOValidationRule" rule="xPDOMinLengthValidationRule" value="1" message="field_required"/>
        </validation>
        <!--Links-->
        <composite alias="Collection" class="sampleCollection" local="id" foreign="option_two_id" cardinality="many" owner="local"/>
    </object>
</model>
