name,description,richtext,code,option_one_id,option_two_id,tags,sort_order,is_active,properties
Collection 1,Ut sit blanditiis ducimus accusamus molestiae saepe facere.,<p>Sint rerum molestiae ea accusamus aut explicabo aut sed. Ducimus reiciendis cum accusamus dicta ipsa quia veniam. Explicabo cumque in non et amet explicabo. Perferendis animi consequatur est aspernatur consequatur et eius.</p><p>In tenetur nihil quam possimus quam a accusamus. Amet repudiandae nemo iure quibusdam odio eaque. Modi ipsa facilis fugiat sunt vel similique necessitatibus. Totam delectus voluptatem est incidunt voluptatem sint explicabo eligendi. Sunt voluptas nobis eligendi quia aspernatur eligendi.</p><p>Est est quod dolore facilis eum fuga. Quia eius aut earum labore. Eos id aut quisquam illum. Adipisci nobis quod laborum corrupti quis qui.</p><p>Earum et et repellendus ea odio. Dolor sapiente sed molestiae perferendis autem ducimus nobis. Laboriosam quibusdam aperiam omnis. Architecto ea quos vel vel distinctio.</p><p>Distinctio rerum quas esse quia dicta. Aut amet consequatur quos est voluptatem architecto. Dolorum officiis et facere quasi deserunt.</p>,"<div><a href=\""#\"" target=\""_blank\"">Ссылка</a></div>",1,2,"[""tag-1"",""tag-2""]",1,1,"[{""option_1"": 1},{""option_2"": 1},{""option_3"": 1},{""option_4"": 1}]"
Collection 2,Ut sit blanditiis ducimus accusamus molestiae saepe facere.,<p>Sint rerum molestiae ea accusamus aut explicabo aut sed. Ducimus reiciendis cum accusamus dicta ipsa quia veniam. Explicabo cumque in non et amet explicabo. Perferendis animi consequatur est aspernatur consequatur et eius.</p><p>In tenetur nihil quam possimus quam a accusamus. Amet repudiandae nemo iure quibusdam odio eaque. Modi ipsa facilis fugiat sunt vel similique necessitatibus. Totam delectus voluptatem est incidunt voluptatem sint explicabo eligendi. Sunt voluptas nobis eligendi quia aspernatur eligendi.</p><p>Est est quod dolore facilis eum fuga. Quia eius aut earum labore. Eos id aut quisquam illum. Adipisci nobis quod laborum corrupti quis qui.</p><p>Earum et et repellendus ea odio. Dolor sapiente sed molestiae perferendis autem ducimus nobis. Laboriosam quibusdam aperiam omnis. Architecto ea quos vel vel distinctio.</p><p>Distinctio rerum quas esse quia dicta. Aut amet consequatur quos est voluptatem architecto. Dolorum officiis et facere quasi deserunt.</p>,"<div><a href=\""#\"" target=\""_blank\"">Ссылка</a></div>",2,3,"[""tag-1"",""tag-2""]",2,1,"[{""option_1"": 1},{""option_2"": 1},{""option_3"": 1},{""option_4"": 1}]"
Collection 3,Ut sit blanditiis ducimus accusamus molestiae saepe facere.,<p>Sint rerum molestiae ea accusamus aut explicabo aut sed. Ducimus reiciendis cum accusamus dicta ipsa quia veniam. Explicabo cumque in non et amet explicabo. Perferendis animi consequatur est aspernatur consequatur et eius.</p><p>In tenetur nihil quam possimus quam a accusamus. Amet repudiandae nemo iure quibusdam odio eaque. Modi ipsa facilis fugiat sunt vel similique necessitatibus. Totam delectus voluptatem est incidunt voluptatem sint explicabo eligendi. Sunt voluptas nobis eligendi quia aspernatur eligendi.</p><p>Est est quod dolore facilis eum fuga. Quia eius aut earum labore. Eos id aut quisquam illum. Adipisci nobis quod laborum corrupti quis qui.</p><p>Earum et et repellendus ea odio. Dolor sapiente sed molestiae perferendis autem ducimus nobis. Laboriosam quibusdam aperiam omnis. Architecto ea quos vel vel distinctio.</p><p>Distinctio rerum quas esse quia dicta. Aut amet consequatur quos est voluptatem architecto. Dolorum officiis et facere quasi deserunt.</p>,"<div><a href=\""#\"" target=\""_blank\"">Ссылка</a></div>",3,1,"[""tag-1"",""tag-2""]",3,1,"[{""option_1"": 1},{""option_2"": 1},{""option_3"": 1},{""option_4"": 1}]"
Collection 4,Ut sit blanditiis ducimus accusamus molestiae saepe facere.,<p>Sint rerum molestiae ea accusamus aut explicabo aut sed. Ducimus reiciendis cum accusamus dicta ipsa quia veniam. Explicabo cumque in non et amet explicabo. Perferendis animi consequatur est aspernatur consequatur et eius.</p><p>In tenetur nihil quam possimus quam a accusamus. Amet repudiandae nemo iure quibusdam odio eaque. Modi ipsa facilis fugiat sunt vel similique necessitatibus. Totam delectus voluptatem est incidunt voluptatem sint explicabo eligendi. Sunt voluptas nobis eligendi quia aspernatur eligendi.</p><p>Est est quod dolore facilis eum fuga. Quia eius aut earum labore. Eos id aut quisquam illum. Adipisci nobis quod laborum corrupti quis qui.</p><p>Earum et et repellendus ea odio. Dolor sapiente sed molestiae perferendis autem ducimus nobis. Laboriosam quibusdam aperiam omnis. Architecto ea quos vel vel distinctio.</p><p>Distinctio rerum quas esse quia dicta. Aut amet consequatur quos est voluptatem architecto. Dolorum officiis et facere quasi deserunt.</p>,"<div><a href=\""#\"" target=\""_blank\"">Ссылка</a></div>",1,3,"[""tag-1"",""tag-2""]",4,1,"[{""option_1"": 1},{""option_2"": 1},{""option_3"": 1},{""option_4"": 1}]"
